#,Latency steering,Period steering,Latency velocity,Period velocity
1,-1,-1,25374464,52611220
2,28656128,52829700,-1,-1
3,-1,-1,25537280,163802915
4,28722944,163706891,-1,-1
5,-1,-1,22542592,69755183
6,25704448,69731257,-1,-1
7,-1,-1,18556160,156619106
8,21744896,156645948,-1,-1
9,-1,-1,25582080,58944360
10,31632896,61806702,-1,-1
11,-1,-1,23462656,167461694
12,26637824,164586567,-1,-1
13,-1,-1,17372928,50780842
14,20606208,50839089,-1,-1
15,-1,-1,24393472,170701929
16,27590400,170665323,-1,-1
17,-1,-1,19354624,52785063
18,22578176,52811760,-1,-1
19,-1,-1,26855936,168115358
20,29568768,167604488,-1,-1
21,-1,-1,27392256,61433865
22,30589952,61918786,-1,-1
23,-1,-1,29356032,161574936
24,32589056,161610112,-1,-1
25,-1,-1,25442816,80945959
26,28627968,80898274,-1,-1
27,-1,-1,28397568,145567054
28,34591232,148575592,-1,-1
29,-1,-1,16469504,52868747
30,19697408,49903066,-1,-1
31,-1,-1,28361984,165497411
32,31496960,165404645,-1,-1
33,-1,-1,25410560,72790517
34,28690176,72935131,-1,-1
35,-1,-1,25494784,164571905
36,28694528,164491413,-1,-1
37,-1,-1,25440512,51872569
38,28641280,51873701,-1,-1
39,-1,-1,26986240,156504925
40,30165504,156484276,-1,-1
41,-1,-1,28353280,82668538
42,31675392,82810774,-1,-1
43,-1,-1,25436416,154645202
44,28615168,154501976,-1,-1
45,-1,-1,14970368,48324474
46,18860544,49035574,-1,-1
47,-1,-1,26076672,182074466
48,29280768,181388202,-1,-1
49,-1,-1,25401088,49696449
50,28682752,49774192,-1,-1
51,-1,-1,25440256,174651211
52,28701696,174630987,-1,-1
53,-1,-1,25400832,54813103
54,28635904,54786250,-1,-1
55,-1,-1,10414848,144547980
56,13628928,144526578,-1,-1
57,-1,-1,25567488,87904613
58,28631552,87754311,-1,-1
59,-1,-1,25425152,158473393
60,31666944,161651987,-1,-1
61,-1,-1,26433024,62904197
62,29633280,59862186,-1,-1
63,-1,-1,25413120,148427535
64,29645056,149459487,-1,-1
65,-1,-1,25934080,62929048
66,29134848,61897776,-1,-1
67,-1,-1,8377088,156435831
68,11652096,156510548,-1,-1
69,-1,-1,25889792,82767005
70,29148672,82750703,-1,-1
71,-1,-1,25445632,151711529
72,31684352,154691157,-1,-1
73,-1,-1,25506304,61895178
74,31644416,61794244,-1,-1
75,-1,-1,25395712,153503875
76,28636160,150606725,-1,-1
77,-1,-1,25592832,77954080
78,31659264,80779494,-1,-1
79,-1,-1,27451648,146478725
80,30632192,143592931,-1,-1
81,-1,-1,28593664,85643902
82,31913984,85783813,-1,-1
83,-1,-1,28491776,155641079
84,31659776,155488957,-1,-1
85,-1,-1,22421504,56809730
86,25642240,56862499,-1,-1
87,-1,-1,22484736,153585073
88,25668352,153547773,-1,-1
89,-1,-1,22383360,56751180
90,25636864,56821450,-1,-1
91,-1,-1,25429248,179512240
92,28697344,179526966,-1,-1
93,-1,-1,25377024,56847097
94,28643072,56845500,-1,-1
95,-1,-1,25582848,164692845
96,28773376,164616632,-1,-1
97,-1,-1,25403648,56694632
98,28645376,56745820,-1,-1
99,-1,-1,10465536,149685185
100,13640448,149618230,-1,-1
101,-1,-1,25396992,76693635
102,28570624,76692268,-1,-1
103,-1,-1,25945600,143806138
104,29049344,143737490,-1,-1
105,-1,-1,28448000,81735571
106,31636224,81819487,-1,-1
107,-1,-1,26531840,159579868
108,29727232,159586802,-1,-1
109,-1,-1,19897344,53738479
110,23101440,53747239,-1,-1
111,-1,-1,24480256,166702096
112,27667968,166685854,-1,-1
113,-1,-1,22450432,55835661
114,25637120,55834776,-1,-1
115,-1,-1,25408768,173495007
116,31596288,176495061,-1,-1
117,-1,-1,23492864,59797772
118,26547456,56665295,-1,-1
119,-1,-1,25451008,152597040
120,31741440,155832982,-1,-1
121,-1,-1,26385920,62813915
122,29609728,59747023,-1,-1
123,-1,-1,25378816,159616644
124,31682816,162696642,-1,-1
125,-1,-1,24540928,60892934
126,28724992,58772949,-1,-1
127,-1,-1,26534656,158618773
128,29779968,157680760,-1,-1
129,-1,-1,25357312,85702323
130,28645632,85744780,-1,-1
131,-1,-1,25404672,157574369
132,28734208,157616454,-1,-1
133,-1,-1,25973760,53920858
134,29120768,53737671,-1,-1
135,-1,-1,26373888,150483337
136,29622016,150584732,-1,-1
137,-1,-1,25402624,79797890
138,28652032,79799210,-1,-1
139,-1,-1,25391872,143647992
140,31647744,146654609,-1,-1
141,-1,-1,25419520,61913363
142,28778752,59016578,-1,-1
143,-1,-1,25552128,159578910
144,28679424,159346549,-1,-1
145,-1,-1,25468416,83803405
146,28622592,83831132,-1,-1
147,-1,-1,27391744,148549200
148,30648576,148651154,-1,-1
149,-1,-1,22385408,55869099
150,25596672,55823780,-1,-1
151,-1,-1,28397568,179511068
152,31649536,179552359,-1,-1
153,-1,-1,24295680,57844949
154,27529984,57827058,-1,-1
155,-1,-1,25953536,159562139
156,29155584,159529442,-1,-1
157,-1,-1,25431296,61878842
158,28651520,61897829,-1,-1
159,-1,-1,25915904,166474461
160,29106176,166443923,-1,-1
161,-1,-1,25426432,61880342
162,28651264,61915249,-1,-1
163,-1,-1,25528064,143716566
164,28713728,143677521,-1,-1
165,-1,-1,13459200,76723392
166,16629504,76707638,-1,-1
167,-1,-1,25548544,163602601
168,28755712,163639851,-1,-1
169,-1,-1,25507840,61795563
170,28717056,61797372,-1,-1
171,-1,-1,25426176,151512475
172,28671744,151549315,-1,-1
173,-1,-1,25600512,163814905
174,28683520,163652147,-1,-1
175,-1,-1,25531904,75688159
176,31651328,78724746,-1,-1
177,-1,-1,25401600,155354762
178,28684800,152518705,-1,-1
179,-1,-1,25408768,52881799
180,28684032,52873645,-1,-1
181,-1,-1,9367808,152625509
182,12609024,152590924,-1,-1
183,-1,-1,25443328,86790647
184,28629248,86735558,-1,-1
185,-1,-1,25466368,137655932
186,28640256,137643045,-1,-1
187,-1,-1,26778624,78043756
188,29687552,77779569,-1,-1
189,-1,-1,26417408,157270836
190,29591296,157535503,-1,-1
191,-1,-1,19382784,52713140
192,22620160,52777132,-1,-1
193,-1,-1,23440896,177562808
194,26634240,177518248,-1,-1
195,-1,-1,23902208,57826497
196,27189504,57920937,-1,-1
197,-1,-1,25683712,158802463
198,31637760,161469260,-1,-1
199,-1,-1,21356544,58429700
200,24559360,55677942,-1,-1
201,-1,-1,25422592,175504599
202,28690176,175570121,-1,-1
203,-1,-1,25457152,55905782
204,28690944,55871925,-1,-1
205,-1,-1,25403392,151464197
206,28564480,151390974,-1,-1
207,-1,-1,26407936,69753122
208,29663744,69848786,-1,-1
209,-1,-1,26974720,153566321
210,30162688,153498079,-1,-1
211,-1,-1,25400832,78788291
212,28623872,78822889,-1,-1
213,-1,-1,25368576,149614274
214,28704512,149728309,-1,-1
215,-1,-1,25539328,77903621
216,28667392,77694830,-1,-1
217,-1,-1,27349248,139446180
218,30647296,139617081,-1,-1
219,-1,-1,17420800,76804449
220,20634368,76720031,-1,-1
221,-1,-1,25494272,145710756
222,28651008,145653283,-1,-1
223,-1,-1,27879936,77624046
224,34192640,80780573,-1,-1
225,-1,-1,28366592,169499867
226,31570944,166391340,-1,-1
227,-1,-1,16937984,50939575
228,20166912,50964354,-1,-1
229,-1,-1,25475840,161653714
230,28648448,161597223,-1,-1
231,-1,-1,25457408,62759434
232,28671488,62800959,-1,-1
233,-1,-1,25403136,155527329
234,28621568,155532157,-1,-1
235,-1,-1,25951744,79800479
236,32193024,82823623,-1,-1
237,-1,-1,25406976,151569275
238,28632832,148553597,-1,-1
239,-1,-1,25425664,55903739
240,28660224,55912279,-1,-1
241,-1,-1,25393152,159571481
242,28626944,159570600,-1,-1
243,-1,-1,25385216,58873543
244,28651008,58905751,-1,-1
245,-1,-1,25410560,165562700
246,31722240,168608617,-1,-1
247,-1,-1,27404544,63865933
248,30620928,60770036,-1,-1
249,-1,-1,27457280,165542503
250,30640640,165509432,-1,-1
251,-1,-1,26519296,59952290
252,29626880,59876706,-1,-1
253,-1,-1,27384576,174337794
254,30616832,174462946,-1,-1
255,-1,-1,19426304,52920396
256,22579200,52840462,-1,-1
257,-1,-1,25619968,148813813
258,28817664,148858951,-1,-1
259,-1,-1,25885952,80654354
260,29065984,80636227,-1,-1
261,-1,-1,25459712,146693764
262,28613120,146667241,-1,-1
263,-1,-1,25933312,82716304
264,29216256,82846632,-1,-1
265,-1,-1,25517568,153613427
266,31622144,156434557,-1,-1
267,-1,-1,20354304,56685059
268,23600384,53826672,-1,-1
269,-1,-1,25388032,173495999
270,31626496,176488314,-1,-1
271,-1,-1,28409344,64890749
272,31625216,61868759,-1,-1
273,-1,-1,25462784,149700578
274,28623872,149645528,-1,-1
275,-1,-1,25431040,59813765
276,28619776,59841001,-1,-1
277,-1,-1,25426688,156618623
278,28669952,156673642,-1,-1
279,-1,-1,25466368,69819120
280,28653568,69762270,-1,-1
281,-1,-1,26960896,152644709
282,30122496,152619214,-1,-1
283,-1,-1,25387008,78701056
284,28610816,78763908,-1,-1
285,-1,-1,25941504,159617830
286,29135872,159587806,-1,-1
287,-1,-1,25488896,62821074
288,28635136,62772943,-1,-1
289,-1,-1,25503232,67867382
290,31706880,70924878,-1,-1
291,-1,-1,21417984,145572182
292,24609792,142559927,-1,-1
293,-1,-1,26437632,59854239
294,29652992,59878037,-1,-1
295,-1,-1,25534464,160586891
296,28635136,160472166,-1,-1
297,-1,-1,24405248,74759187
298,27683840,74936740,-1,-1
299,-1,-1,27387136,163512921
300,30667520,163514963,-1,-1
301,-1,-1,27455232,60887012
302,30643712,60795011,-1,-1
303,-1,-1,25446400,161672855
304,28581632,161620120,-1,-1
305,-1,-1,26506240,63757683
306,29607680,63723911,-1,-1
307,-1,-1,25434624,157559718
308,28661248,157685071,-1,-1
309,-1,-1,26957312,61893526
310,30068992,61778628,-1,-1
311,-1,-1,25408000,165484700
312,28591104,165555296,-1,-1
313,-1,-1,25405440,59736331
314,28635648,59783437,-1,-1
315,-1,-1,25467136,150647909
316,28699648,150650479,-1,-1
317,-1,-1,28403200,70694834
318,31661824,70720341,-1,-1
319,-1,-1,26876160,151713420
320,30059776,151638657,-1,-1
321,-1,-1,25600000,67848751
322,28814336,67879014,-1,-1
323,-1,-1,25461760,170494992
324,28736512,170555423,-1,-1
325,-1,-1,25433600,68875601
326,28633600,68801568,-1,-1
327,-1,-1,25505024,141669388
328,28695296,141658999,-1,-1
329,-1,-1,25808384,63090939
330,28675840,62768241,-1,-1
331,-1,-1,25372928,159125150
332,28637184,159522508,-1,-1
333,-1,-1,12337920,165505192
334,15631872,165535072,-1,-1
335,-1,-1,25456384,58971054
336,31668480,61889204,-1,-1
337,-1,-1,25580800,179618520
338,28673792,176498887,-1,-1
339,-1,-1,25762816,45064286
340,28635136,44843272,-1,-1
341,-1,-1,26032128,179399739
342,29175040,179670386,-1,-1
343,-1,-1,25464064,41840412
344,28597504,41831231,-1,-1
345,-1,-1,25709056,182441095
346,28917248,182516286,-1,-1
347,-1,-1,25441024,48859488
348,28577280,48787136,-1,-1
349,-1,-1,25388800,157593441
350,31626752,160695611,-1,-1
351,-1,-1,21519616,57870428
352,24768768,54881860,-1,-1
353,-1,-1,25431808,167524220
354,28646400,167489441,-1,-1
355,-1,-1,25359104,61790147
356,28708864,61925987,-1,-1
357,-1,-1,18439168,158707482
358,21677824,158595334,-1,-1
359,-1,-1,25422848,154590509
360,28617728,154546911,-1,-1
361,-1,-1,28378368,88759248
362,31620096,88806557,-1,-1
363,-1,-1,25478912,159689579
364,28645376,159613680,-1,-1
365,-1,-1,25361920,56786040
366,28595200,56853589,-1,-1
367,-1,-1,25468928,149583061
368,28649728,149530793,-1,-1
369,-1,-1,25470976,61871432
370,28613632,61832604,-1,-1
371,-1,-1,25367040,178386425
372,31599616,181476513,-1,-1
373,-1,-1,23390208,59889263
374,26696960,56963760,-1,-1
375,-1,-1,25915904,162544593
376,29142784,162464589,-1,-1
377,-1,-1,17479936,50911360
378,20632320,50836796,-1,-1
379,-1,-1,25416704,156585417
380,28651776,156668386,-1,-1
381,-1,-1,25419776,59746835
382,28630016,59722292,-1,-1
383,-1,-1,26924288,177620444
384,30182912,177667914,-1,-1
385,-1,-1,25552896,54864095
386,28707072,54761060,-1,-1
387,-1,-1,8407296,153505566
388,11654656,153598550,-1,-1
389,-1,-1,25531136,77854302
390,28777216,77853027,-1,-1
391,-1,-1,17376000,157450196
392,20614400,157442404,-1,-1
393,-1,-1,25382400,58779972
394,31589120,61747761,-1,-1
395,-1,-1,25392128,172605662
396,28617984,169625075,-1,-1
397,-1,-1,9025792,42948928
398,12237568,42934425,-1,-1
399,-1,-1,25457664,179546997
400,28609024,179486163,-1,-1
401,-1,-1,25255936,53772566
402,28500224,53877841,-1,-1
403,-1,-1,25433856,156671116
404,31660544,159641680,-1,-1
405,-1,-1,25924096,62749961
406,29151744,59750640,-1,-1
407,-1,-1,25437440,152604311
408,28652288,152591716,-1,-1
409,-1,-1,25558016,67865580
410,28742400,67835087,-1,-1
411,-1,-1,15368704,161440581
412,18624768,161512840,-1,-1
413,-1,-1,9535744,68944467
414,12702720,68855136,-1,-1
415,-1,-1,25473024,149539538
416,28711936,149611346,-1,-1
417,-1,-1,25481216,67897098
418,28657152,67833817,-1,-1
419,-1,-1,27556864,175548990
420,30627584,175444122,-1,-1
421,-1,-1,26941952,60779413
422,30115328,60882228,-1,-1
423,-1,-1,25377024,156565495
424,28607744,156622790,-1,-1
425,-1,-1,25451520,60934993
426,28623616,60876125,-1,-1
427,-1,-1,25481472,160536893
428,28660224,160543990,-1,-1
429,-1,-1,25487360,61879733
430,28634880,61848365,-1,-1
431,-1,-1,25628160,175623368
432,28802304,175650365,-1,-1
433,-1,-1,25872384,62165712
434,28679168,61798402,-1,-1
435,-1,-1,26559744,144271096
436,29614592,144518749,-1,-1
437,-1,-1,25403392,70717742
438,28644608,70904608,-1,-1
439,-1,-1,25925120,170508648
440,29106944,170449284,-1,-1
441,-1,-1,25469952,61918583
442,28769280,62036203,-1,-1
443,-1,-1,25511680,157666575
444,29669376,158524797,-1,-1
445,-1,-1,25442304,59826189
446,31649280,61875044,-1,-1
447,-1,-1,25422336,166466778
448,29629696,164467738,-1,-1
449,-1,-1,25530112,137729053
450,28689152,136670289,-1,-1
451,-1,-1,25455104,87795331
452,28636928,87828217,-1,-1
453,-1,-1,25365504,157522856
454,28577792,157553126,-1,-1
455,-1,-1,26851584,61876164
456,30083072,61895757,-1,-1
457,-1,-1,25876992,164623703
458,32149760,167664595,-1,-1
459,-1,-1,25454080,61959809
460,31608320,61841023,-1,-1
461,-1,-1,27397120,144562416
462,30749184,141761461,-1,-1
463,-1,-1,25504256,58871334
464,28643840,58658516,-1,-1
465,-1,-1,25468416,166586215
466,28680704,166658401,-1,-1
467,-1,-1,25406976,61692684
468,28627712,61701693,-1,-1
469,-1,-1,25525760,178742121
470,28611584,178606502,-1,-1
471,-1,-1,23492608,56706154
472,26664448,56792775,-1,-1
473,-1,-1,25458944,152581585
474,28730112,152680407,-1,-1
475,-1,-1,21389568,155558816
476,24673792,155572145,-1,-1
477,-1,-1,25457920,58960584
478,28677120,58895968,-1,-1
479,-1,-1,25471488,171519780
480,28615680,171444031,-1,-1
481,-1,-1,25520896,167640613
482,28652032,167627293,-1,-1
483,-1,-1,25566720,59873105
484,28612352,59788411,-1,-1
485,-1,-1,25944832,159417725
486,29172480,159599442,-1,-1
487,-1,-1,25550336,149719198
488,28763648,149704800,-1,-1
489,-1,-1,25424640,76760075
490,28654592,76776978,-1,-1
491,-1,-1,25434624,151651188
492,28624640,151610822,-1,-1
493,-1,-1,25585152,69894409
494,28772352,69892038,-1,-1
495,-1,-1,25511680,150534797
496,28680960,150516855,-1,-1
497,-1,-1,25384704,58756800
498,28641792,58844070,-1,-1
499,-1,-1,25513472,158733786
500,31693568,161656810,-1,-1
501,-1,-1,25550080,87815715
502,28589056,84674381,-1,-1
503,-1,-1,25624320,137657008
504,28752128,137745865,-1,-1
505,-1,-1,26927616,88682534
506,30089472,88716644,-1,-1
507,-1,-1,25416960,140639869
508,28599040,140660229,-1,-1
509,-1,-1,27444480,60877201
510,30655232,60906442,-1,-1
511,-1,-1,25567744,162664983
512,28795648,162681865,-1,-1
513,-1,-1,25542656,61810122
514,28717312,61757143,-1,-1
515,-1,-1,27516672,183501085
516,30755584,183565603,-1,-1
517,-1,-1,25582080,58937046
518,28641792,58757674,-1,-1
519,-1,-1,27203840,159743980
520,30282752,159763419,-1,-1
521,-1,-1,25555200,58744268
522,28739840,58850052,-1,-1
523,-1,-1,25573120,149580684
524,28825088,149648129,-1,-1
525,-1,-1,25537536,168652895
526,28606464,168469714,-1,-1
527,-1,-1,26918656,61726864
528,30198272,61937765,-1,-1
529,-1,-1,25490944,161732497
530,28637184,161598360,-1,-1
531,-1,-1,25449216,143549974
532,28696320,143651754,-1,-1
533,-1,-1,9502464,68803498
534,12725248,68778498,-1,-1
535,-1,-1,25491456,171596054
536,28670464,171552291,-1,-1
537,-1,-1,26907648,148402920
538,30141952,148458890,-1,-1
539,-1,-1,27429888,60878567
540,30642176,60856308,-1,-1
541,-1,-1,25603840,176681958
542,28630528,176496157,-1,-1
543,-1,-1,22345728,55704601
544,25620992,55953492,-1,-1
545,-1,-1,25591296,159663879
546,31633920,162431593,-1,-1
547,-1,-1,25455616,61740023
548,28683264,58924273,-1,-1
549,-1,-1,24421632,164478779
550,27680256,164509974,-1,-1
551,-1,-1,25421824,58873891
552,28648704,58842112,-1,-1
553,-1,-1,27060992,176519522
554,30196480,176427947,-1,-1
555,-1,-1,25454592,59754561
556,28771840,59936553,-1,-1
557,-1,-1,25414656,152574052
558,28680448,152522926,-1,-1
559,-1,-1,25494528,73833681
560,28603392,73675364,-1,-1
561,-1,-1,25540096,158683705
562,28642304,158677543,-1,-1
563,-1,-1,25459200,58791237
564,28705536,58935881,-1,-1
565,-1,-1,25579776,166578690
566,28834816,166587205,-1,-1
567,-1,-1,25468928,61785916
568,28649984,61712120,-1,-1
569,-1,-1,19567104,157716050
570,23615232,158583593,-1,-1
571,-1,-1,25344512,59662388
572,28631040,58900571,-1,-1
573,-1,-1,25402880,170650229
574,28582400,170542881,-1,-1
575,-1,-1,8406016,41887472
576,11691776,41993994,-1,-1
577,-1,-1,12384000,165637638
578,15574784,165542426,-1,-1
579,-1,-1,25426944,58924937
580,28637952,58945966,-1,-1
581,-1,-1,25462784,162641761
582,28660224,162627767,-1,-1
583,-1,-1,25545472,160685243
584,28683776,160625913,-1,-1
585,-1,-1,25509888,58738509
586,28762880,58854250,-1,-1
587,-1,-1,25537536,164689354
588,28605696,164504186,-1,-1
589,-1,-1,25415680,67694410
590,28637696,67848010,-1,-1
591,-1,-1,25417216,156625639
592,28614144,156600184,-1,-1
593,-1,-1,25366016,62823097
594,28591360,62851237,-1,-1
595,-1,-1,28456960,180589766
596,31643136,180550781,-1,-1
597,-1,-1,25368320,133659301
598,28623872,133729481,-1,-1
599,-1,-1,25520384,83913788
600,28614656,83752044,-1,-1
601,-1,-1,15538688,154631376
602,18790912,154789229,-1,-1
603,-1,-1,25582336,58924443
604,31743232,61832936,-1,-1
605,-1,-1,25522688,167531447
606,28679936,164528441,-1,-1
607,-1,-1,25496064,67881446
608,28614656,67841742,-1,-1
609,-1,-1,27549696,161529342
610,30737664,161599131,-1,-1
611,-1,-1,25516288,58863429
612,28676608,58835841,-1,-1
613,-1,-1,25382144,163498151
614,28620544,163576735,-1,-1
615,-1,-1,12595968,46051252
616,15723008,45939575,-1,-1
617,-1,-1,25479168,167503653
618,28674816,167572160,-1,-1
619,-1,-1,25471232,57881413
620,28607232,57821381,-1,-1
621,-1,-1,25549568,176698027
622,28647936,176660558,-1,-1
623,-1,-1,25466368,67818955
624,28606464,67861059,-1,-1
625,-1,-1,25372160,154497854
626,28560896,154547017,-1,-1
627,-1,-1,25422592,67819696
628,31608832,70817528,-1,-1
629,-1,-1,25539840,150697036
630,28790528,147761366,-1,-1
631,-1,-1,26987776,61850045
632,30148096,61758833,-1,-1
633,-1,-1,25601280,154742053
634,28766976,154748091,-1,-1
635,-1,-1,25524480,67802834
636,28647936,67760996,-1,-1
637,-1,-1,25459200,164561431
638,28662784,164641234,-1,-1
639,-1,-1,26414080,59825291
640,29634560,59842548,-1,-1
641,-1,-1,25420544,169502096
642,28653056,169513629,-1,-1
643,-1,-1,20565248,54001240
644,23812096,54015577,-1,-1
645,-1,-1,25478144,155673054
646,28640000,155588490,-1,-1
647,-1,-1,25513216,60805180
648,28741376,60871326,-1,-1
649,-1,-1,25888000,175454340
650,32062208,178400178,-1,-1
651,-1,-1,25474816,61972639
652,28601088,58924692,-1,-1
653,-1,-1,25915904,142607746
654,29147136,142713489,-1,-1
655,-1,-1,25458432,83874316
656,28676352,83860612,-1,-1
657,-1,-1,25401600,145563540
658,28727040,145670794,-1,-1
659,-1,-1,25556224,58898831
660,29586176,59603151,-1,-1
661,-1,-1,25394688,165451360
662,31602944,167629777,-1,-1
663,-1,-1,25438976,61926769
664,28646144,58926357,-1,-1
665,-1,-1,19350528,157430686
666,23602944,158475303,-1,-1
667,-1,-1,26983936,89873984
668,30182912,88820383,-1,-1
669,-1,-1,27518208,159682424
670,30656256,159621797,-1,-1
671,-1,-1,24456704,57666968
672,27680256,57752364,-1,-1
673,-1,-1,25462784,160627074
674,28697088,160637586,-1,-1
675,-1,-1,26426624,146569599
676,29676288,146585566,-1,-1
677,-1,-1,25458432,58921865
678,28680960,58894346,-1,-1
679,-1,-1,26673152,165825152
680,29692672,165622237,-1,-1
681,-1,-1,25428224,173304123
682,31601408,176457193,-1,-1
683,-1,-1,25417984,62696085
684,29726208,60832144,-1,-1
685,-1,-1,25488640,146677098
686,28660736,145540916,-1,-1
687,-1,-1,25445120,58833870
688,28646912,58863274,-1,-1
689,-1,-1,25987840,169559512
690,29165824,169535547,-1,-1
691,-1,-1,25476864,161609650
692,28608512,161563153,-1,-1
693,-1,-1,25586432,59863362
694,28813312,59958493,-1,-1
695,-1,-1,25410560,160432855
696,28592128,160387622,-1,-1
697,-1,-1,22915328,163641582
698,26136320,163681167,-1,-1
699,-1,-1,25471744,58913292
700,28654848,58874917,-1,-1
701,-1,-1,25639168,152643009
702,28785664,152606866,-1,-1
703,-1,-1,25479680,85749027
704,28646144,85768558,-1,-1
705,-1,-1,25649664,158646898
706,28807168,158637900,-1,-1
707,-1,-1,25197056,58704576
708,28365568,58716086,-1,-1
709,-1,-1,25425664,158575990
710,28753408,158735140,-1,-1
711,-1,-1,25464064,59908644
712,28750592,59867922,-1,-1
713,-1,-1,25491968,158645369
714,28685824,158552231,-1,-1
715,-1,-1,26455808,59739846
716,29732864,59822969,-1,-1
717,-1,-1,15408896,162549573
718,18613248,162476388,-1,-1
719,-1,-1,25423616,58922177
720,28608768,58903657,-1,-1
721,-1,-1,27389440,164431591
722,30649344,164505773,-1,-1
723,-1,-1,25458944,59948622
724,28615936,59845943,-1,-1
725,-1,-1,25427456,178482536
726,28633856,178532312,-1,-1
727,-1,-1,25466112,141642785
728,28642048,141612480,-1,-1
729,-1,-1,29337344,62626979
730,32552704,62666049,-1,-1
731,-1,-1,9422336,162700449
732,12617984,162680674,-1,-1
733,-1,-1,25447424,58913403
734,28629760,58900605,-1,-1
735,-1,-1,25488896,174562448
736,28642048,174532775,-1,-1
737,-1,-1,26062592,152669863
738,29119232,152573640,-1,-1
739,-1,-1,25540864,75754204
740,28764416,75921761,-1,-1
741,-1,-1,26488832,137664352
742,29683712,137635356,-1,-1
743,-1,-1,25490432,74757644
744,28666880,74739180,-1,-1
745,-1,-1,25502208,148635967
746,28556544,148514040,-1,-1
747,-1,-1,25459200,70845458
748,28638720,70971098,-1,-1
749,-1,-1,25455616,159599240
750,28616448,159580065,-1,-1
751,-1,-1,25412096,58836455
752,28660224,58924597,-1,-1
753,-1,-1,25496320,182608758
754,28593152,182456539,-1,-1
755,-1,-1,25415168,136507288
756,28644864,136640292,-1,-1
757,-1,-1,25555712,77878163
758,28773120,77866137,-1,-1
759,-1,-1,10444288,150527515
760,13626880,150492027,-1,-1
761,-1,-1,10518016,69844760
762,13772800,69917420,-1,-1
763,-1,-1,26098432,152657508
764,29208064,152512194,-1,-1
765,-1,-1,26943744,164482535
766,30160128,164589663,-1,-1
767,-1,-1,26042624,60872260
768,29102080,60715269,-1,-1
769,-1,-1,25865984,164471974
770,29133568,164680156,-1,-1
771,-1,-1,25920256,63760627
772,29148416,63721509,-1,-1
773,-1,-1,25984512,156696131
774,29185536,156668211,-1,-1
775,-1,-1,28823296,63744602
776,32094976,63816083,-1,-1
777,-1,-1,25979136,171613786
778,29112576,171475000,-1,-1
779,-1,-1,26953984,71707565
780,30183680,71803796,-1,-1
781,-1,-1,25920256,137591219
782,29201152,137642544,-1,-1
783,-1,-1,25950208,81786805
784,29145088,81700387,-1,-1
785,-1,-1,25985536,143701923
786,29320448,143843045,-1,-1
787,-1,-1,26933248,80659941
788,30114048,80505210,-1,-1
789,-1,-1,25956864,157516667
790,29098496,157477858,-1,-1
791,-1,-1,14888960,49809154
792,18116352,49895457,-1,-1
793,-1,-1,25943040,180567329
794,29168384,180565263,-1,-1
795,-1,-1,25967104,140626172
796,29138944,140572406,-1,-1
797,-1,-1,25379840,58648848
798,28549376,58646514,-1,-1
799,-1,-1,25489664,161725184
800,28688384,161754685,-1,-1
801,-1,-1,25507072,71778070
802,28679936,71751771,-1,-1
803,-1,-1,25320704,157481351
804,28554752,157543186,-1,-1
805,-1,-1,26466048,57983093
806,30652160,58935124,-1,-1
807,-1,-1,25452032,175486044
808,28609024,174456194,-1,-1
809,-1,-1,14388736,47814188
810,17596672,47866534,-1,-1
811,-1,-1,26940672,181583836
812,30108928,181543484,-1,-1
813,-1,-1,21436160,54830013
814,24655872,54881706,-1,-1
815,-1,-1,9370112,147547516
816,12602880,147560393,-1,-1
817,-1,-1,25680128,159803502
818,28670464,159560904,-1,-1
819,-1,-1,26955520,87535808
820,30138112,87727644,-1,-1
821,-1,-1,25600256,141770556
822,28794880,141783232,-1,-1
823,-1,-1,25397248,67666014
824,28672256,67745735,-1,-1
825,-1,-1,25428736,157651495
826,28672256,157620412,-1,-1
827,-1,-1,25496064,61814322
828,28639744,61714557,-1,-1
829,-1,-1,16529920,165538569
830,19794176,165659198,-1,-1
831,-1,-1,25528832,58887364
832,31495936,61590096,-1,-1
833,-1,-1,25443328,175513805
834,28636416,172739706,-1,-1
835,-1,-1,25481472,152686853
836,28701696,152713939,-1,-1
837,-1,-1,26982144,61852173
838,30177280,61827533,-1,-1
839,-1,-1,25502464,154513109
840,28688896,154503825,-1,-1
841,-1,-1,25481472,78738182
842,28670720,78740812,-1,-1
843,-1,-1,25434624,150570251
844,28613888,150560598,-1,-1
845,-1,-1,25480960,71922408
846,29646848,72909172,-1,-1
847,-1,-1,29419520,149431555
848,32677632,148524109,-1,-1
849,-1,-1,25389824,58840989
850,28592896,58785615,-1,-1
851,-1,-1,27430656,172552398
852,30679552,172598561,-1,-1
853,-1,-1,28404992,149728175
854,31635712,149709672,-1,-1
855,-1,-1,29619968,62959367
856,32828672,62938044,-1,-1
857,-1,-1,25470208,172480619
858,28608512,172409543,-1,-1
859,-1,-1,25413632,59807842
860,28630272,59886522,-1,-1
861,-1,-1,29453568,170682117
862,32638720,170650420,-1,-1
863,-1,-1,29401856,62798117
864,32671488,62882835,-1,-1
865,-1,-1,27392256,152605076
866,30571776,152514595,-1,-1
867,-1,-1,26411008,58918362
868,29610496,58938507,-1,-1
869,-1,-1,25486848,170680248
870,28645376,170639629,-1,-1
871,-1,-1,25413888,47805179
872,28656896,47889886,-1,-1
873,-1,-1,25471232,163675415
874,32934656,167895235,-1,-1
875,-1,-1,26513408,64799613
876,29778176,60600908,-1,-1
877,-1,-1,25439744,148661290
878,28647424,148603413,-1,-1
879,-1,-1,25501696,88798487
880,28688640,88778328,-1,-1
881,-1,-1,25422080,138617901
882,28593152,138601478,-1,-1
883,-1,-1,25458176,72856516
884,31577344,75805024,-1,-1
885,-1,-1,29541888,175572871
886,32747264,172658881,-1,-1
887,-1,-1,20604160,53948696
888,23751168,53890566,-1,-1
889,-1,-1,25429760,161575214
890,28678400,161677345,-1,-1
891,-1,-1,27564032,62891650
892,30802688,62881275,-1,-1
893,-1,-1,25451776,142645644
894,28640000,142595296,-1,-1
895,-1,-1,25612032,68888883
896,28656640,68745339,-1,-1
897,-1,-1,25485056,174504265
898,28658944,174632921,-1,-1
899,-1,-1,17373184,50785525
900,20640768,50879508,-1,-1
901,-1,-1,25474304,172539365
902,28583680,172381045,-1,-1
903,-1,-1,25425152,58848254
904,28626432,58940589,-1,-1
905,-1,-1,25449728,142638099
906,29687808,143674874,-1,-1
907,-1,-1,25419264,72710858
908,28663296,71716706,-1,-1
909,-1,-1,25415936,167616884
910,28617216,167573253,-1,-1
911,-1,-1,19897600,54874475
912,23180544,54956303,-1,-1
913,-1,-1,25485056,162685982
914,28676352,162594320,-1,-1
915,-1,-1,25557760,77885556
916,28739584,77875960,-1,-1
917,-1,-1,25463808,157490911
918,28690688,157536485,-1,-1
919,-1,-1,10998528,44893248
920,14179072,44846542,-1,-1
921,-1,-1,25459968,181575744
922,28639488,181574409,-1,-1
923,-1,-1,8482560,41788950
924,11699968,41827004,-1,-1
925,-1,-1,25482496,175608471
926,28685568,175594557,-1,-1
927,-1,-1,25376000,68829951
928,28568064,68818635,-1,-1
929,-1,-1,26949120,162647013
930,30140160,162645876,-1,-1
931,-1,-1,25412096,59857581
932,28600832,59855929,-1,-1
933,-1,-1,25431552,142627175
934,28602880,142608785,-1,-1
935,-1,-1,26950912,61875362
936,30139904,61892655,-1,-1
937,-1,-1,28388096,168552286
938,31663616,168639232,-1,-1
939,-1,-1,29376000,63889801
940,32651264,63889548,-1,-1
941,-1,-1,25552640,163689968
942,28773632,163635665,-1,-1
943,-1,-1,25411328,69736402
944,28585728,69690027,-1,-1
945,-1,-1,25449728,148678019
946,28727040,148781163,-1,-1
947,-1,-1,25581056,77841394
948,28738304,77720961,-1,-1
949,-1,-1,10445056,143633491
950,13681152,143712290,-1,-1
951,-1,-1,25361408,58777987
952,28683264,58864793,-1,-1
953,-1,-1,26464000,169721240
954,29670912,169606119,-1,-1
955,-1,-1,25553920,55815751
956,28710912,55765309,-1,-1
957,-1,-1,25649664,158713899
958,28759296,158666668,-1,-1
959,-1,-1,13467136,76685230
960,16662272,76770243,-1,-1
961,-1,-1,25530624,147747440
962,28747008,147768985,-1,-1
963,-1,-1,25486080,74799015
964,28651520,74747851,-1,-1
965,-1,-1,25572608,148695109
966,28844800,148801800,-1,-1
967,-1,-1,25514752,88684246
968,28682240,88579516,-1,-1
969,-1,-1,25456896,135713518
970,28689920,135779546,-1,-1
971,-1,-1,25457664,87742528
972,28617472,87668874,-1,-1
973,-1,-1,26918656,158586259
974,30141184,158648587,-1,-1
975,-1,-1,22544128,55871452
976,25629184,55733966,-1,-1
977,-1,-1,25456128,164532487
978,28643840,164635630,-1,-1
979,-1,-1,26435328,62877522
980,29633280,62886999,-1,-1
981,-1,-1,26901504,160573143
982,30099456,160573479,-1,-1
983,-1,-1,25964544,59915611
984,29229056,59981784,-1,-1
